,text,sentiment,text_lower,text_no_punct,text_no_digits,text_no_urls,tokens,tokens_no_stopwords,lemmatized_tokens,cleaned_text
0,"Awful, completely useless.",negative,"awful, completely useless.",awful completely useless,awful completely useless,awful completely useless,"['awful', 'completely', 'useless']","['awful', 'completely', 'useless']","['awful', 'completely', 'useless']",awful completely useless
1,Highly recommend to everyone.,positive,highly recommend to everyone.,highly recommend to everyone,highly recommend to everyone,highly recommend to everyone,"['highly', 'recommend', 'to', 'everyone']","['highly', 'recommend', 'everyone']","['highly', 'recommend', 'everyone']",highly recommend everyone
2,Worst experience ever.,negative,worst experience ever.,worst experience ever,worst experience ever,worst experience ever,"['worst', 'experience', 'ever']","['worst', 'experience', 'ever']","['worst', 'experience', 'ever']",worst experience ever
3,Top-notch service and product.,positive,top-notch service and product.,topnotch service and product,topnotch service and product,topnotch service and product,"['topnotch', 'service', 'and', 'product']","['topnotch', 'service', 'product']","['topnotch', 'service', 'product']",topnotch service product
4,Not worth the money.,negative,not worth the money.,not worth the money,not worth the money,not worth the money,"['not', 'worth', 'the', 'money']","['worth', 'money']","['worth', 'money']",worth money
5,One star.,negative,one star.,one star,one star,one star,"['one', 'star']","['one', 'star']","['one', 'star']",one star
6,Will never buy again.,negative,will never buy again.,will never buy again,will never buy again,will never buy again,"['will', 'never', 'buy', 'again']","['never', 'buy']","['never', 'buy']",never buy
7,Amazing experience!,positive,amazing experience!,amazing experience,amazing experience,amazing experience,"['amazing', 'experience']","['amazing', 'experience']","['amazing', 'experience']",amazing experience
8,Decent but not outstanding.,neutral,decent but not outstanding.,decent but not outstanding,decent but not outstanding,decent but not outstanding,"['decent', 'but', 'not', 'outstanding']","['decent', 'outstanding']","['decent', 'outstanding']",decent outstanding
9,Will never buy again.,negative,will never buy again.,will never buy again,will never buy again,will never buy again,"['will', 'never', 'buy', 'again']","['never', 'buy']","['never', 'buy']",never buy
10,Satisfactory but not impressive.,neutral,satisfactory but not impressive.,satisfactory but not impressive,satisfactory but not impressive,satisfactory but not impressive,"['satisfactory', 'but', 'not', 'impressive']","['satisfactory', 'impressive']","['satisfactory', 'impressive']",satisfactory impressive
11,Very satisfied and happy.,positive,very satisfied and happy.,very satisfied and happy,very satisfied and happy,very satisfied and happy,"['very', 'satisfied', 'and', 'happy']","['satisfied', 'happy']","['satisfied', 'happy']",satisfied happy
12,Five stars!,positive,five stars!,five stars,five stars,five stars,"['five', 'stars']","['five', 'stars']","['five', 'star']",five star
13,Fantastic product and great service.,positive,fantastic product and great service.,fantastic product and great service,fantastic product and great service,fantastic product and great service,"['fantastic', 'product', 'and', 'great', 'service']","['fantastic', 'product', 'great', 'service']","['fantastic', 'product', 'great', 'service']",fantastic product great service
14,"Bad quality, poor service.",negative,"bad quality, poor service.",bad quality poor service,bad quality poor service,bad quality poor service,"['bad', 'quality', 'poor', 'service']","['bad', 'quality', 'poor', 'service']","['bad', 'quality', 'poor', 'service']",bad quality poor service
15,Decent but not outstanding.,neutral,decent but not outstanding.,decent but not outstanding,decent but not outstanding,decent but not outstanding,"['decent', 'but', 'not', 'outstanding']","['decent', 'outstanding']","['decent', 'outstanding']",decent outstanding
16,Moderate satisfaction.,neutral,moderate satisfaction.,moderate satisfaction,moderate satisfaction,moderate satisfaction,"['moderate', 'satisfaction']","['moderate', 'satisfaction']","['moderate', 'satisfaction']",moderate satisfaction
17,Exceeded my expectations.,positive,exceeded my expectations.,exceeded my expectations,exceeded my expectations,exceeded my expectations,"['exceeded', 'my', 'expectations']","['exceeded', 'expectations']","['exceeded', 'expectation']",exceeded expectation
18,One star.,negative,one star.,one star,one star,one star,"['one', 'star']","['one', 'star']","['one', 'star']",one star
19,Amazing experience!,positive,amazing experience!,amazing experience,amazing experience,amazing experience,"['amazing', 'experience']","['amazing', 'experience']","['amazing', 'experience']",amazing experience
20,Moderate satisfaction.,neutral,moderate satisfaction.,moderate satisfaction,moderate satisfaction,moderate satisfaction,"['moderate', 'satisfaction']","['moderate', 'satisfaction']","['moderate', 'satisfaction']",moderate satisfaction
21,One star.,negative,one star.,one star,one star,one star,"['one', 'star']","['one', 'star']","['one', 'star']",one star
22,"Average product, average service.",neutral,"average product, average service.",average product average service,average product average service,average product average service,"['average', 'product', 'average', 'service']","['average', 'product', 'average', 'service']","['average', 'product', 'average', 'service']",average product average service
23,Just fine for the price.,neutral,just fine for the price.,just fine for the price,just fine for the price,just fine for the price,"['just', 'fine', 'for', 'the', 'price']","['fine', 'price']","['fine', 'price']",fine price
24,"Meets expectations, nothing more.",neutral,"meets expectations, nothing more.",meets expectations nothing more,meets expectations nothing more,meets expectations nothing more,"['meets', 'expectations', 'nothing', 'more']","['meets', 'expectations', 'nothing']","['meet', 'expectation', 'nothing']",meet expectation nothing
25,"Awful, completely useless.",negative,"awful, completely useless.",awful completely useless,awful completely useless,awful completely useless,"['awful', 'completely', 'useless']","['awful', 'completely', 'useless']","['awful', 'completely', 'useless']",awful completely useless
26,Highly recommend to everyone.,positive,highly recommend to everyone.,highly recommend to everyone,highly recommend to everyone,highly recommend to everyone,"['highly', 'recommend', 'to', 'everyone']","['highly', 'recommend', 'everyone']","['highly', 'recommend', 'everyone']",highly recommend everyone
27,"It's okay, nothing special.",neutral,"it's okay, nothing special.",its okay nothing special,its okay nothing special,its okay nothing special,"['its', 'okay', 'nothing', 'special']","['okay', 'nothing', 'special']","['okay', 'nothing', 'special']",okay nothing special
28,Amazing experience!,positive,amazing experience!,amazing experience,amazing experience,amazing experience,"['amazing', 'experience']","['amazing', 'experience']","['amazing', 'experience']",amazing experience
29,Highly recommend to everyone.,positive,highly recommend to everyone.,highly recommend to everyone,highly recommend to everyone,highly recommend to everyone,"['highly', 'recommend', 'to', 'everyone']","['highly', 'recommend', 'everyone']","['highly', 'recommend', 'everyone']",highly recommend everyone
30,"Terrible quality, very disappointed.",negative,"terrible quality, very disappointed.",terrible quality very disappointed,terrible quality very disappointed,terrible quality very disappointed,"['terrible', 'quality', 'very', 'disappointed']","['terrible', 'quality', 'disappointed']","['terrible', 'quality', 'disappointed']",terrible quality disappointed
31,Fantastic product and great service.,positive,fantastic product and great service.,fantastic product and great service,fantastic product and great service,fantastic product and great service,"['fantastic', 'product', 'and', 'great', 'service']","['fantastic', 'product', 'great', 'service']","['fantastic', 'product', 'great', 'service']",fantastic product great service
32,"Meets expectations, nothing more.",neutral,"meets expectations, nothing more.",meets expectations nothing more,meets expectations nothing more,meets expectations nothing more,"['meets', 'expectations', 'nothing', 'more']","['meets', 'expectations', 'nothing']","['meet', 'expectation', 'nothing']",meet expectation nothing
33,"It's okay, nothing special.",neutral,"it's okay, nothing special.",its okay nothing special,its okay nothing special,its okay nothing special,"['its', 'okay', 'nothing', 'special']","['okay', 'nothing', 'special']","['okay', 'nothing', 'special']",okay nothing special
34,"Superb quality, would buy again!",positive,"superb quality, would buy again!",superb quality would buy again,superb quality would buy again,superb quality would buy again,"['superb', 'quality', 'would', 'buy', 'again']","['superb', 'quality', 'would', 'buy']","['superb', 'quality', 'would', 'buy']",superb quality would buy
35,"Meets expectations, nothing more.",neutral,"meets expectations, nothing more.",meets expectations nothing more,meets expectations nothing more,meets expectations nothing more,"['meets', 'expectations', 'nothing', 'more']","['meets', 'expectations', 'nothing']","['meet', 'expectation', 'nothing']",meet expectation nothing
36,Amazing experience!,positive,amazing experience!,amazing experience,amazing experience,amazing experience,"['amazing', 'experience']","['amazing', 'experience']","['amazing', 'experience']",amazing experience
37,Fantastic product and great service.,positive,fantastic product and great service.,fantastic product and great service,fantastic product and great service,fantastic product and great service,"['fantastic', 'product', 'and', 'great', 'service']","['fantastic', 'product', 'great', 'service']","['fantastic', 'product', 'great', 'service']",fantastic product great service
38,Worst experience ever.,negative,worst experience ever.,worst experience ever,worst experience ever,worst experience ever,"['worst', 'experience', 'ever']","['worst', 'experience', 'ever']","['worst', 'experience', 'ever']",worst experience ever
39,Moderate satisfaction.,neutral,moderate satisfaction.,moderate satisfaction,moderate satisfaction,moderate satisfaction,"['moderate', 'satisfaction']","['moderate', 'satisfaction']","['moderate', 'satisfaction']",moderate satisfaction
40,Very dissatisfied with the purchase.,negative,very dissatisfied with the purchase.,very dissatisfied with the purchase,very dissatisfied with the purchase,very dissatisfied with the purchase,"['very', 'dissatisfied', 'with', 'the', 'purchase']","['dissatisfied', 'purchase']","['dissatisfied', 'purchase']",dissatisfied purchase
41,"Awful, completely useless.",negative,"awful, completely useless.",awful completely useless,awful completely useless,awful completely useless,"['awful', 'completely', 'useless']","['awful', 'completely', 'useless']","['awful', 'completely', 'useless']",awful completely useless
42,Just fine for the price.,neutral,just fine for the price.,just fine for the price,just fine for the price,just fine for the price,"['just', 'fine', 'for', 'the', 'price']","['fine', 'price']","['fine', 'price']",fine price
43,Extremely unhappy with the product.,negative,extremely unhappy with the product.,extremely unhappy with the product,extremely unhappy with the product,extremely unhappy with the product,"['extremely', 'unhappy', 'with', 'the', 'product']","['extremely', 'unhappy', 'product']","['extremely', 'unhappy', 'product']",extremely unhappy product
44,Not worth the money.,negative,not worth the money.,not worth the money,not worth the money,not worth the money,"['not', 'worth', 'the', 'money']","['worth', 'money']","['worth', 'money']",worth money
45,Absolutely loved it!,positive,absolutely loved it!,absolutely loved it,absolutely loved it,absolutely loved it,"['absolutely', 'loved', 'it']","['absolutely', 'loved']","['absolutely', 'loved']",absolutely loved
46,Not worth the money.,negative,not worth the money.,not worth the money,not worth the money,not worth the money,"['not', 'worth', 'the', 'money']","['worth', 'money']","['worth', 'money']",worth money
47,Satisfactory but not impressive.,neutral,satisfactory but not impressive.,satisfactory but not impressive,satisfactory but not impressive,satisfactory but not impressive,"['satisfactory', 'but', 'not', 'impressive']","['satisfactory', 'impressive']","['satisfactory', 'impressive']",satisfactory impressive
48,Five stars!,positive,five stars!,five stars,five stars,five stars,"['five', 'stars']","['five', 'stars']","['five', 'star']",five star
49,Not worth the money.,negative,not worth the money.,not worth the money,not worth the money,not worth the money,"['not', 'worth', 'the', 'money']","['worth', 'money']","['worth', 'money']",worth money
50,Exceeded my expectations.,positive,exceeded my expectations.,exceeded my expectations,exceeded my expectations,exceeded my expectations,"['exceeded', 'my', 'expectations']","['exceeded', 'expectations']","['exceeded', 'expectation']",exceeded expectation
51,Amazing experience!,positive,amazing experience!,amazing experience,amazing experience,amazing experience,"['amazing', 'experience']","['amazing', 'experience']","['amazing', 'experience']",amazing experience
52,Fantastic product and great service.,positive,fantastic product and great service.,fantastic product and great service,fantastic product and great service,fantastic product and great service,"['fantastic', 'product', 'and', 'great', 'service']","['fantastic', 'product', 'great', 'service']","['fantastic', 'product', 'great', 'service']",fantastic product great service
53,Fantastic product and great service.,positive,fantastic product and great service.,fantastic product and great service,fantastic product and great service,fantastic product and great service,"['fantastic', 'product', 'and', 'great', 'service']","['fantastic', 'product', 'great', 'service']","['fantastic', 'product', 'great', 'service']",fantastic product great service
54,Neither good nor bad.,neutral,neither good nor bad.,neither good nor bad,neither good nor bad,neither good nor bad,"['neither', 'good', 'nor', 'bad']","['neither', 'good', 'bad']","['neither', 'good', 'bad']",neither good bad
55,Total waste of money.,negative,total waste of money.,total waste of money,total waste of money,total waste of money,"['total', 'waste', 'of', 'money']","['total', 'waste', 'money']","['total', 'waste', 'money']",total waste money
56,"Awful, completely useless.",negative,"awful, completely useless.",awful completely useless,awful completely useless,awful completely useless,"['awful', 'completely', 'useless']","['awful', 'completely', 'useless']","['awful', 'completely', 'useless']",awful completely useless
57,Total waste of money.,negative,total waste of money.,total waste of money,total waste of money,total waste of money,"['total', 'waste', 'of', 'money']","['total', 'waste', 'money']","['total', 'waste', 'money']",total waste money
58,Satisfactory but not impressive.,neutral,satisfactory but not impressive.,satisfactory but not impressive,satisfactory but not impressive,satisfactory but not impressive,"['satisfactory', 'but', 'not', 'impressive']","['satisfactory', 'impressive']","['satisfactory', 'impressive']",satisfactory impressive
59,Absolutely loved it!,positive,absolutely loved it!,absolutely loved it,absolutely loved it,absolutely loved it,"['absolutely', 'loved', 'it']","['absolutely', 'loved']","['absolutely', 'loved']",absolutely loved
60,Five stars!,positive,five stars!,five stars,five stars,five stars,"['five', 'stars']","['five', 'stars']","['five', 'star']",five star
61,Fantastic product and great service.,positive,fantastic product and great service.,fantastic product and great service,fantastic product and great service,fantastic product and great service,"['fantastic', 'product', 'and', 'great', 'service']","['fantastic', 'product', 'great', 'service']","['fantastic', 'product', 'great', 'service']",fantastic product great service
62,Very dissatisfied with the purchase.,negative,very dissatisfied with the purchase.,very dissatisfied with the purchase,very dissatisfied with the purchase,very dissatisfied with the purchase,"['very', 'dissatisfied', 'with', 'the', 'purchase']","['dissatisfied', 'purchase']","['dissatisfied', 'purchase']",dissatisfied purchase
63,Acceptable quality.,neutral,acceptable quality.,acceptable quality,acceptable quality,acceptable quality,"['acceptable', 'quality']","['acceptable', 'quality']","['acceptable', 'quality']",acceptable quality
64,Extremely unhappy with the product.,negative,extremely unhappy with the product.,extremely unhappy with the product,extremely unhappy with the product,extremely unhappy with the product,"['extremely', 'unhappy', 'with', 'the', 'product']","['extremely', 'unhappy', 'product']","['extremely', 'unhappy', 'product']",extremely unhappy product
65,Highly recommend to everyone.,positive,highly recommend to everyone.,highly recommend to everyone,highly recommend to everyone,highly recommend to everyone,"['highly', 'recommend', 'to', 'everyone']","['highly', 'recommend', 'everyone']","['highly', 'recommend', 'everyone']",highly recommend everyone
66,Satisfactory but not impressive.,neutral,satisfactory but not impressive.,satisfactory but not impressive,satisfactory but not impressive,satisfactory but not impressive,"['satisfactory', 'but', 'not', 'impressive']","['satisfactory', 'impressive']","['satisfactory', 'impressive']",satisfactory impressive
67,Fantastic product and great service.,positive,fantastic product and great service.,fantastic product and great service,fantastic product and great service,fantastic product and great service,"['fantastic', 'product', 'and', 'great', 'service']","['fantastic', 'product', 'great', 'service']","['fantastic', 'product', 'great', 'service']",fantastic product great service
68,"It's okay, nothing special.",neutral,"it's okay, nothing special.",its okay nothing special,its okay nothing special,its okay nothing special,"['its', 'okay', 'nothing', 'special']","['okay', 'nothing', 'special']","['okay', 'nothing', 'special']",okay nothing special
69,"Awful, completely useless.",negative,"awful, completely useless.",awful completely useless,awful completely useless,awful completely useless,"['awful', 'completely', 'useless']","['awful', 'completely', 'useless']","['awful', 'completely', 'useless']",awful completely useless
70,Standard experience.,neutral,standard experience.,standard experience,standard experience,standard experience,"['standard', 'experience']","['standard', 'experience']","['standard', 'experience']",standard experience
71,Absolutely loved it!,positive,absolutely loved it!,absolutely loved it,absolutely loved it,absolutely loved it,"['absolutely', 'loved', 'it']","['absolutely', 'loved']","['absolutely', 'loved']",absolutely loved
72,Very satisfied and happy.,positive,very satisfied and happy.,very satisfied and happy,very satisfied and happy,very satisfied and happy,"['very', 'satisfied', 'and', 'happy']","['satisfied', 'happy']","['satisfied', 'happy']",satisfied happy
73,Satisfactory but not impressive.,neutral,satisfactory but not impressive.,satisfactory but not impressive,satisfactory but not impressive,satisfactory but not impressive,"['satisfactory', 'but', 'not', 'impressive']","['satisfactory', 'impressive']","['satisfactory', 'impressive']",satisfactory impressive
74,"It's okay, nothing special.",neutral,"it's okay, nothing special.",its okay nothing special,its okay nothing special,its okay nothing special,"['its', 'okay', 'nothing', 'special']","['okay', 'nothing', 'special']","['okay', 'nothing', 'special']",okay nothing special
75,Couldn't be happier.,positive,couldn't be happier.,couldnt be happier,couldnt be happier,couldnt be happier,"['couldnt', 'be', 'happier']","['couldnt', 'happier']","['couldnt', 'happier']",couldnt happier
76,Extremely unhappy with the product.,negative,extremely unhappy with the product.,extremely unhappy with the product,extremely unhappy with the product,extremely unhappy with the product,"['extremely', 'unhappy', 'with', 'the', 'product']","['extremely', 'unhappy', 'product']","['extremely', 'unhappy', 'product']",extremely unhappy product
77,"Meets expectations, nothing more.",neutral,"meets expectations, nothing more.",meets expectations nothing more,meets expectations nothing more,meets expectations nothing more,"['meets', 'expectations', 'nothing', 'more']","['meets', 'expectations', 'nothing']","['meet', 'expectation', 'nothing']",meet expectation nothing
78,Decent but not outstanding.,neutral,decent but not outstanding.,decent but not outstanding,decent but not outstanding,decent but not outstanding,"['decent', 'but', 'not', 'outstanding']","['decent', 'outstanding']","['decent', 'outstanding']",decent outstanding
79,Fantastic product and great service.,positive,fantastic product and great service.,fantastic product and great service,fantastic product and great service,fantastic product and great service,"['fantastic', 'product', 'and', 'great', 'service']","['fantastic', 'product', 'great', 'service']","['fantastic', 'product', 'great', 'service']",fantastic product great service
80,Couldn't be happier.,positive,couldn't be happier.,couldnt be happier,couldnt be happier,couldnt be happier,"['couldnt', 'be', 'happier']","['couldnt', 'happier']","['couldnt', 'happier']",couldnt happier
81,Will never buy again.,negative,will never buy again.,will never buy again,will never buy again,will never buy again,"['will', 'never', 'buy', 'again']","['never', 'buy']","['never', 'buy']",never buy
82,"Meets expectations, nothing more.",neutral,"meets expectations, nothing more.",meets expectations nothing more,meets expectations nothing more,meets expectations nothing more,"['meets', 'expectations', 'nothing', 'more']","['meets', 'expectations', 'nothing']","['meet', 'expectation', 'nothing']",meet expectation nothing
83,Decent but not outstanding.,neutral,decent but not outstanding.,decent but not outstanding,decent but not outstanding,decent but not outstanding,"['decent', 'but', 'not', 'outstanding']","['decent', 'outstanding']","['decent', 'outstanding']",decent outstanding
84,Just fine for the price.,neutral,just fine for the price.,just fine for the price,just fine for the price,just fine for the price,"['just', 'fine', 'for', 'the', 'price']","['fine', 'price']","['fine', 'price']",fine price
85,"Awful, completely useless.",negative,"awful, completely useless.",awful completely useless,awful completely useless,awful completely useless,"['awful', 'completely', 'useless']","['awful', 'completely', 'useless']","['awful', 'completely', 'useless']",awful completely useless
86,Very satisfied and happy.,positive,very satisfied and happy.,very satisfied and happy,very satisfied and happy,very satisfied and happy,"['very', 'satisfied', 'and', 'happy']","['satisfied', 'happy']","['satisfied', 'happy']",satisfied happy
87,Worst experience ever.,negative,worst experience ever.,worst experience ever,worst experience ever,worst experience ever,"['worst', 'experience', 'ever']","['worst', 'experience', 'ever']","['worst', 'experience', 'ever']",worst experience ever
88,Will never buy again.,negative,will never buy again.,will never buy again,will never buy again,will never buy again,"['will', 'never', 'buy', 'again']","['never', 'buy']","['never', 'buy']",never buy
89,"Terrible quality, very disappointed.",negative,"terrible quality, very disappointed.",terrible quality very disappointed,terrible quality very disappointed,terrible quality very disappointed,"['terrible', 'quality', 'very', 'disappointed']","['terrible', 'quality', 'disappointed']","['terrible', 'quality', 'disappointed']",terrible quality disappointed
90,Just fine for the price.,neutral,just fine for the price.,just fine for the price,just fine for the price,just fine for the price,"['just', 'fine', 'for', 'the', 'price']","['fine', 'price']","['fine', 'price']",fine price
91,Exceeded my expectations.,positive,exceeded my expectations.,exceeded my expectations,exceeded my expectations,exceeded my expectations,"['exceeded', 'my', 'expectations']","['exceeded', 'expectations']","['exceeded', 'expectation']",exceeded expectation
92,Acceptable quality.,neutral,acceptable quality.,acceptable quality,acceptable quality,acceptable quality,"['acceptable', 'quality']","['acceptable', 'quality']","['acceptable', 'quality']",acceptable quality
93,Neither good nor bad.,neutral,neither good nor bad.,neither good nor bad,neither good nor bad,neither good nor bad,"['neither', 'good', 'nor', 'bad']","['neither', 'good', 'bad']","['neither', 'good', 'bad']",neither good bad
94,Five stars!,positive,five stars!,five stars,five stars,five stars,"['five', 'stars']","['five', 'stars']","['five', 'star']",five star
95,"Meets expectations, nothing more.",neutral,"meets expectations, nothing more.",meets expectations nothing more,meets expectations nothing more,meets expectations nothing more,"['meets', 'expectations', 'nothing', 'more']","['meets', 'expectations', 'nothing']","['meet', 'expectation', 'nothing']",meet expectation nothing
96,Just fine for the price.,neutral,just fine for the price.,just fine for the price,just fine for the price,just fine for the price,"['just', 'fine', 'for', 'the', 'price']","['fine', 'price']","['fine', 'price']",fine price
97,Will never buy again.,negative,will never buy again.,will never buy again,will never buy again,will never buy again,"['will', 'never', 'buy', 'again']","['never', 'buy']","['never', 'buy']",never buy
98,Moderate satisfaction.,neutral,moderate satisfaction.,moderate satisfaction,moderate satisfaction,moderate satisfaction,"['moderate', 'satisfaction']","['moderate', 'satisfaction']","['moderate', 'satisfaction']",moderate satisfaction
99,Decent but not outstanding.,neutral,decent but not outstanding.,decent but not outstanding,decent but not outstanding,decent but not outstanding,"['decent', 'but', 'not', 'outstanding']","['decent', 'outstanding']","['decent', 'outstanding']",decent outstanding
100,Five stars!,positive,five stars!,five stars,five stars,five stars,"['five', 'stars']","['five', 'stars']","['five', 'star']",five star
101,Neither good nor bad.,neutral,neither good nor bad.,neither good nor bad,neither good nor bad,neither good nor bad,"['neither', 'good', 'nor', 'bad']","['neither', 'good', 'bad']","['neither', 'good', 'bad']",neither good bad
102,Just fine for the price.,neutral,just fine for the price.,just fine for the price,just fine for the price,just fine for the price,"['just', 'fine', 'for', 'the', 'price']","['fine', 'price']","['fine', 'price']",fine price
103,Couldn't be happier.,positive,couldn't be happier.,couldnt be happier,couldnt be happier,couldnt be happier,"['couldnt', 'be', 'happier']","['couldnt', 'happier']","['couldnt', 'happier']",couldnt happier
104,"Bad quality, poor service.",negative,"bad quality, poor service.",bad quality poor service,bad quality poor service,bad quality poor service,"['bad', 'quality', 'poor', 'service']","['bad', 'quality', 'poor', 'service']","['bad', 'quality', 'poor', 'service']",bad quality poor service
105,Very satisfied and happy.,positive,very satisfied and happy.,very satisfied and happy,very satisfied and happy,very satisfied and happy,"['very', 'satisfied', 'and', 'happy']","['satisfied', 'happy']","['satisfied', 'happy']",satisfied happy
106,"Bad quality, poor service.",negative,"bad quality, poor service.",bad quality poor service,bad quality poor service,bad quality poor service,"['bad', 'quality', 'poor', 'service']","['bad', 'quality', 'poor', 'service']","['bad', 'quality', 'poor', 'service']",bad quality poor service
107,Not worth the money.,negative,not worth the money.,not worth the money,not worth the money,not worth the money,"['not', 'worth', 'the', 'money']","['worth', 'money']","['worth', 'money']",worth money
108,Acceptable quality.,neutral,acceptable quality.,acceptable quality,acceptable quality,acceptable quality,"['acceptable', 'quality']","['acceptable', 'quality']","['acceptable', 'quality']",acceptable quality
109,Exceeded my expectations.,positive,exceeded my expectations.,exceeded my expectations,exceeded my expectations,exceeded my expectations,"['exceeded', 'my', 'expectations']","['exceeded', 'expectations']","['exceeded', 'expectation']",exceeded expectation
110,Very satisfied and happy.,positive,very satisfied and happy.,very satisfied and happy,very satisfied and happy,very satisfied and happy,"['very', 'satisfied', 'and', 'happy']","['satisfied', 'happy']","['satisfied', 'happy']",satisfied happy
111,Absolutely loved it!,positive,absolutely loved it!,absolutely loved it,absolutely loved it,absolutely loved it,"['absolutely', 'loved', 'it']","['absolutely', 'loved']","['absolutely', 'loved']",absolutely loved
112,Moderate satisfaction.,neutral,moderate satisfaction.,moderate satisfaction,moderate satisfaction,moderate satisfaction,"['moderate', 'satisfaction']","['moderate', 'satisfaction']","['moderate', 'satisfaction']",moderate satisfaction
113,Worst experience ever.,negative,worst experience ever.,worst experience ever,worst experience ever,worst experience ever,"['worst', 'experience', 'ever']","['worst', 'experience', 'ever']","['worst', 'experience', 'ever']",worst experience ever
114,Worst experience ever.,negative,worst experience ever.,worst experience ever,worst experience ever,worst experience ever,"['worst', 'experience', 'ever']","['worst', 'experience', 'ever']","['worst', 'experience', 'ever']",worst experience ever
115,Total waste of money.,negative,total waste of money.,total waste of money,total waste of money,total waste of money,"['total', 'waste', 'of', 'money']","['total', 'waste', 'money']","['total', 'waste', 'money']",total waste money
116,Worst experience ever.,negative,worst experience ever.,worst experience ever,worst experience ever,worst experience ever,"['worst', 'experience', 'ever']","['worst', 'experience', 'ever']","['worst', 'experience', 'ever']",worst experience ever
117,Top-notch service and product.,positive,top-notch service and product.,topnotch service and product,topnotch service and product,topnotch service and product,"['topnotch', 'service', 'and', 'product']","['topnotch', 'service', 'product']","['topnotch', 'service', 'product']",topnotch service product
118,"Awful, completely useless.",negative,"awful, completely useless.",awful completely useless,awful completely useless,awful completely useless,"['awful', 'completely', 'useless']","['awful', 'completely', 'useless']","['awful', 'completely', 'useless']",awful completely useless
119,Acceptable quality.,neutral,acceptable quality.,acceptable quality,acceptable quality,acceptable quality,"['acceptable', 'quality']","['acceptable', 'quality']","['acceptable', 'quality']",acceptable quality
120,Not worth the money.,negative,not worth the money.,not worth the money,not worth the money,not worth the money,"['not', 'worth', 'the', 'money']","['worth', 'money']","['worth', 'money']",worth money
121,Moderate satisfaction.,neutral,moderate satisfaction.,moderate satisfaction,moderate satisfaction,moderate satisfaction,"['moderate', 'satisfaction']","['moderate', 'satisfaction']","['moderate', 'satisfaction']",moderate satisfaction
122,Very dissatisfied with the purchase.,negative,very dissatisfied with the purchase.,very dissatisfied with the purchase,very dissatisfied with the purchase,very dissatisfied with the purchase,"['very', 'dissatisfied', 'with', 'the', 'purchase']","['dissatisfied', 'purchase']","['dissatisfied', 'purchase']",dissatisfied purchase
123,"Superb quality, would buy again!",positive,"superb quality, would buy again!",superb quality would buy again,superb quality would buy again,superb quality would buy again,"['superb', 'quality', 'would', 'buy', 'again']","['superb', 'quality', 'would', 'buy']","['superb', 'quality', 'would', 'buy']",superb quality would buy
124,Five stars!,positive,five stars!,five stars,five stars,five stars,"['five', 'stars']","['five', 'stars']","['five', 'star']",five star
125,Extremely unhappy with the product.,negative,extremely unhappy with the product.,extremely unhappy with the product,extremely unhappy with the product,extremely unhappy with the product,"['extremely', 'unhappy', 'with', 'the', 'product']","['extremely', 'unhappy', 'product']","['extremely', 'unhappy', 'product']",extremely unhappy product
126,Acceptable quality.,neutral,acceptable quality.,acceptable quality,acceptable quality,acceptable quality,"['acceptable', 'quality']","['acceptable', 'quality']","['acceptable', 'quality']",acceptable quality
127,Will never buy again.,negative,will never buy again.,will never buy again,will never buy again,will never buy again,"['will', 'never', 'buy', 'again']","['never', 'buy']","['never', 'buy']",never buy
128,Amazing experience!,positive,amazing experience!,amazing experience,amazing experience,amazing experience,"['amazing', 'experience']","['amazing', 'experience']","['amazing', 'experience']",amazing experience
129,Very satisfied and happy.,positive,very satisfied and happy.,very satisfied and happy,very satisfied and happy,very satisfied and happy,"['very', 'satisfied', 'and', 'happy']","['satisfied', 'happy']","['satisfied', 'happy']",satisfied happy
130,Absolutely loved it!,positive,absolutely loved it!,absolutely loved it,absolutely loved it,absolutely loved it,"['absolutely', 'loved', 'it']","['absolutely', 'loved']","['absolutely', 'loved']",absolutely loved
131,Fantastic product and great service.,positive,fantastic product and great service.,fantastic product and great service,fantastic product and great service,fantastic product and great service,"['fantastic', 'product', 'and', 'great', 'service']","['fantastic', 'product', 'great', 'service']","['fantastic', 'product', 'great', 'service']",fantastic product great service
132,Will never buy again.,negative,will never buy again.,will never buy again,will never buy again,will never buy again,"['will', 'never', 'buy', 'again']","['never', 'buy']","['never', 'buy']",never buy
133,Acceptable quality.,neutral,acceptable quality.,acceptable quality,acceptable quality,acceptable quality,"['acceptable', 'quality']","['acceptable', 'quality']","['acceptable', 'quality']",acceptable quality
134,One star.,negative,one star.,one star,one star,one star,"['one', 'star']","['one', 'star']","['one', 'star']",one star
135,Not worth the money.,negative,not worth the money.,not worth the money,not worth the money,not worth the money,"['not', 'worth', 'the', 'money']","['worth', 'money']","['worth', 'money']",worth money
136,Worst experience ever.,negative,worst experience ever.,worst experience ever,worst experience ever,worst experience ever,"['worst', 'experience', 'ever']","['worst', 'experience', 'ever']","['worst', 'experience', 'ever']",worst experience ever
137,Very dissatisfied with the purchase.,negative,very dissatisfied with the purchase.,very dissatisfied with the purchase,very dissatisfied with the purchase,very dissatisfied with the purchase,"['very', 'dissatisfied', 'with', 'the', 'purchase']","['dissatisfied', 'purchase']","['dissatisfied', 'purchase']",dissatisfied purchase
138,Exceeded my expectations.,positive,exceeded my expectations.,exceeded my expectations,exceeded my expectations,exceeded my expectations,"['exceeded', 'my', 'expectations']","['exceeded', 'expectations']","['exceeded', 'expectation']",exceeded expectation
139,Moderate satisfaction.,neutral,moderate satisfaction.,moderate satisfaction,moderate satisfaction,moderate satisfaction,"['moderate', 'satisfaction']","['moderate', 'satisfaction']","['moderate', 'satisfaction']",moderate satisfaction
140,Fantastic product and great service.,positive,fantastic product and great service.,fantastic product and great service,fantastic product and great service,fantastic product and great service,"['fantastic', 'product', 'and', 'great', 'service']","['fantastic', 'product', 'great', 'service']","['fantastic', 'product', 'great', 'service']",fantastic product great service
141,"It's okay, nothing special.",neutral,"it's okay, nothing special.",its okay nothing special,its okay nothing special,its okay nothing special,"['its', 'okay', 'nothing', 'special']","['okay', 'nothing', 'special']","['okay', 'nothing', 'special']",okay nothing special
142,Extremely unhappy with the product.,negative,extremely unhappy with the product.,extremely unhappy with the product,extremely unhappy with the product,extremely unhappy with the product,"['extremely', 'unhappy', 'with', 'the', 'product']","['extremely', 'unhappy', 'product']","['extremely', 'unhappy', 'product']",extremely unhappy product
143,Moderate satisfaction.,neutral,moderate satisfaction.,moderate satisfaction,moderate satisfaction,moderate satisfaction,"['moderate', 'satisfaction']","['moderate', 'satisfaction']","['moderate', 'satisfaction']",moderate satisfaction
144,"Meets expectations, nothing more.",neutral,"meets expectations, nothing more.",meets expectations nothing more,meets expectations nothing more,meets expectations nothing more,"['meets', 'expectations', 'nothing', 'more']","['meets', 'expectations', 'nothing']","['meet', 'expectation', 'nothing']",meet expectation nothing
145,Just fine for the price.,neutral,just fine for the price.,just fine for the price,just fine for the price,just fine for the price,"['just', 'fine', 'for', 'the', 'price']","['fine', 'price']","['fine', 'price']",fine price
146,Will never buy again.,negative,will never buy again.,will never buy again,will never buy again,will never buy again,"['will', 'never', 'buy', 'again']","['never', 'buy']","['never', 'buy']",never buy
147,Acceptable quality.,neutral,acceptable quality.,acceptable quality,acceptable quality,acceptable quality,"['acceptable', 'quality']","['acceptable', 'quality']","['acceptable', 'quality']",acceptable quality
148,Decent but not outstanding.,neutral,decent but not outstanding.,decent but not outstanding,decent but not outstanding,decent but not outstanding,"['decent', 'but', 'not', 'outstanding']","['decent', 'outstanding']","['decent', 'outstanding']",decent outstanding
149,"Superb quality, would buy again!",positive,"superb quality, would buy again!",superb quality would buy again,superb quality would buy again,superb quality would buy again,"['superb', 'quality', 'would', 'buy', 'again']","['superb', 'quality', 'would', 'buy']","['superb', 'quality', 'would', 'buy']",superb quality would buy
150,Good value,positive,good value,good value,good value,good value,"['good', 'value']","['good', 'value']","['good', 'value']",good value
151,Not good but not worst,negative,not good but not worst,not good but not worst,not good but not worst,not good but not worst,"['not', 'good', 'but', 'not', 'worst']","['good', 'worst']","['good', 'worst']",good worst
152,Poor quality but acceptable,negative,poor quality but acceptable,poor quality but acceptable,poor quality but acceptable,poor quality but acceptable,"['poor', 'quality', 'but', 'acceptable']","['poor', 'quality', 'acceptable']","['poor', 'quality', 'acceptable']",poor quality acceptable
153,Satisfactory performance,neutral,satisfactory performance,satisfactory performance,satisfactory performance,satisfactory performance,"['satisfactory', 'performance']","['satisfactory', 'performance']","['satisfactory', 'performance']",satisfactory performance
154,"Low quality, low price",negative,"low quality, low price",low quality low price,low quality low price,low quality low price,"['low', 'quality', 'low', 'price']","['low', 'quality', 'low', 'price']","['low', 'quality', 'low', 'price']",low quality low price
155,Acceptable even if not perfect,neutral,acceptable even if not perfect,acceptable even if not perfect,acceptable even if not perfect,acceptable even if not perfect,"['acceptable', 'even', 'if', 'not', 'perfect']","['acceptable', 'even', 'perfect']","['acceptable', 'even', 'perfect']",acceptable even perfect
156,Broken but refunded fast,negative,broken but refunded fast,broken but refunded fast,broken but refunded fast,broken but refunded fast,"['broken', 'but', 'refunded', 'fast']","['broken', 'refunded', 'fast']","['broken', 'refunded', 'fast']",broken refunded fast
157,"Low quality, low price",negative,"low quality, low price",low quality low price,low quality low price,low quality low price,"['low', 'quality', 'low', 'price']","['low', 'quality', 'low', 'price']","['low', 'quality', 'low', 'price']",low quality low price
158,"Low quality, low price",negative,"low quality, low price",low quality low price,low quality low price,low quality low price,"['low', 'quality', 'low', 'price']","['low', 'quality', 'low', 'price']","['low', 'quality', 'low', 'price']",low quality low price
159,Wouldn't buy again but not worst,negative,wouldn't buy again but not worst,wouldnt buy again but not worst,wouldnt buy again but not worst,wouldnt buy again but not worst,"['wouldnt', 'buy', 'again', 'but', 'not', 'worst']","['wouldnt', 'buy', 'worst']","['wouldnt', 'buy', 'worst']",wouldnt buy worst
160,Happy with product though packaging was messy,positive,happy with product though packaging was messy,happy with product though packaging was messy,happy with product though packaging was messy,happy with product though packaging was messy,"['happy', 'with', 'product', 'though', 'packaging', 'was', 'messy']","['happy', 'product', 'though', 'packaging', 'messy']","['happy', 'product', 'though', 'packaging', 'messy']",happy product though packaging messy
161,Almost perfect,positive,almost perfect,almost perfect,almost perfect,almost perfect,"['almost', 'perfect']","['almost', 'perfect']","['almost', 'perfect']",almost perfect
162,Hated the delivery but liked the box,negative,hated the delivery but liked the box,hated the delivery but liked the box,hated the delivery but liked the box,hated the delivery but liked the box,"['hated', 'the', 'delivery', 'but', 'liked', 'the', 'box']","['hated', 'delivery', 'liked', 'box']","['hated', 'delivery', 'liked', 'box']",hated delivery liked box
163,Pretty nice overall,positive,pretty nice overall,pretty nice overall,pretty nice overall,pretty nice overall,"['pretty', 'nice', 'overall']","['pretty', 'nice', 'overall']","['pretty', 'nice', 'overall']",pretty nice overall
164,Loved it although pricey,positive,loved it although pricey,loved it although pricey,loved it although pricey,loved it although pricey,"['loved', 'it', 'although', 'pricey']","['loved', 'although', 'pricey']","['loved', 'although', 'pricey']",loved although pricey
165,Happy with product though packaging was messy,positive,happy with product though packaging was messy,happy with product though packaging was messy,happy with product though packaging was messy,happy with product though packaging was messy,"['happy', 'with', 'product', 'though', 'packaging', 'was', 'messy']","['happy', 'product', 'though', 'packaging', 'messy']","['happy', 'product', 'though', 'packaging', 'messy']",happy product though packaging messy
166,Satisfactory performance,neutral,satisfactory performance,satisfactory performance,satisfactory performance,satisfactory performance,"['satisfactory', 'performance']","['satisfactory', 'performance']","['satisfactory', 'performance']",satisfactory performance
167,Satisfactory performance,neutral,satisfactory performance,satisfactory performance,satisfactory performance,satisfactory performance,"['satisfactory', 'performance']","['satisfactory', 'performance']","['satisfactory', 'performance']",satisfactory performance
168,Met basic expectations,neutral,met basic expectations,met basic expectations,met basic expectations,met basic expectations,"['met', 'basic', 'expectations']","['met', 'basic', 'expectations']","['met', 'basic', 'expectation']",met basic expectation
169,Wouldn't buy again but not worst,negative,wouldn't buy again but not worst,wouldnt buy again but not worst,wouldnt buy again but not worst,wouldnt buy again but not worst,"['wouldnt', 'buy', 'again', 'but', 'not', 'worst']","['wouldnt', 'buy', 'worst']","['wouldnt', 'buy', 'worst']",wouldnt buy worst
170,Loved it!! but delivery was late,positive,loved it!! but delivery was late,loved it but delivery was late,loved it but delivery was late,loved it but delivery was late,"['loved', 'it', 'but', 'delivery', 'was', 'late']","['loved', 'delivery', 'late']","['loved', 'delivery', 'late']",loved delivery late
171,Poor quality but acceptable,negative,poor quality but acceptable,poor quality but acceptable,poor quality but acceptable,poor quality but acceptable,"['poor', 'quality', 'but', 'acceptable']","['poor', 'quality', 'acceptable']","['poor', 'quality', 'acceptable']",poor quality acceptable
172,Hated the delivery but liked the box,negative,hated the delivery but liked the box,hated the delivery but liked the box,hated the delivery but liked the box,hated the delivery but liked the box,"['hated', 'the', 'delivery', 'but', 'liked', 'the', 'box']","['hated', 'delivery', 'liked', 'box']","['hated', 'delivery', 'liked', 'box']",hated delivery liked box
173,Broken but refunded fast,negative,broken but refunded fast,broken but refunded fast,broken but refunded fast,broken but refunded fast,"['broken', 'but', 'refunded', 'fast']","['broken', 'refunded', 'fast']","['broken', 'refunded', 'fast']",broken refunded fast
174,"Poor response, okay handling",negative,"poor response, okay handling",poor response okay handling,poor response okay handling,poor response okay handling,"['poor', 'response', 'okay', 'handling']","['poor', 'response', 'okay', 'handling']","['poor', 'response', 'okay', 'handling']",poor response okay handling
175,Will recommend despite small issues,positive,will recommend despite small issues,will recommend despite small issues,will recommend despite small issues,will recommend despite small issues,"['will', 'recommend', 'despite', 'small', 'issues']","['recommend', 'despite', 'small', 'issues']","['recommend', 'despite', 'small', 'issue']",recommend despite small issue
176,Neither too bad nor too good,neutral,neither too bad nor too good,neither too bad nor too good,neither too bad nor too good,neither too bad nor too good,"['neither', 'too', 'bad', 'nor', 'too', 'good']","['neither', 'bad', 'good']","['neither', 'bad', 'good']",neither bad good
177,Hated the delivery but liked the box,negative,hated the delivery but liked the box,hated the delivery but liked the box,hated the delivery but liked the box,hated the delivery but liked the box,"['hated', 'the', 'delivery', 'but', 'liked', 'the', 'box']","['hated', 'delivery', 'liked', 'box']","['hated', 'delivery', 'liked', 'box']",hated delivery liked box
178,Broken but refunded fast,negative,broken but refunded fast,broken but refunded fast,broken but refunded fast,broken but refunded fast,"['broken', 'but', 'refunded', 'fast']","['broken', 'refunded', 'fast']","['broken', 'refunded', 'fast']",broken refunded fast
179,Almost perfect,positive,almost perfect,almost perfect,almost perfect,almost perfect,"['almost', 'perfect']","['almost', 'perfect']","['almost', 'perfect']",almost perfect
180,Bad but manageable,negative,bad but manageable,bad but manageable,bad but manageable,bad but manageable,"['bad', 'but', 'manageable']","['bad', 'manageable']","['bad', 'manageable']",bad manageable
181,Happy with product though packaging was messy,positive,happy with product though packaging was messy,happy with product though packaging was messy,happy with product though packaging was messy,happy with product though packaging was messy,"['happy', 'with', 'product', 'though', 'packaging', 'was', 'messy']","['happy', 'product', 'though', 'packaging', 'messy']","['happy', 'product', 'though', 'packaging', 'messy']",happy product though packaging messy
182,Not good but not worst,negative,not good but not worst,not good but not worst,not good but not worst,not good but not worst,"['not', 'good', 'but', 'not', 'worst']","['good', 'worst']","['good', 'worst']",good worst
183,Will recommend despite small issues,positive,will recommend despite small issues,will recommend despite small issues,will recommend despite small issues,will recommend despite small issues,"['will', 'recommend', 'despite', 'small', 'issues']","['recommend', 'despite', 'small', 'issues']","['recommend', 'despite', 'small', 'issue']",recommend despite small issue
184,Broken but refunded fast,negative,broken but refunded fast,broken but refunded fast,broken but refunded fast,broken but refunded fast,"['broken', 'but', 'refunded', 'fast']","['broken', 'refunded', 'fast']","['broken', 'refunded', 'fast']",broken refunded fast
185,Loved it!! but delivery was late,positive,loved it!! but delivery was late,loved it but delivery was late,loved it but delivery was late,loved it but delivery was late,"['loved', 'it', 'but', 'delivery', 'was', 'late']","['loved', 'delivery', 'late']","['loved', 'delivery', 'late']",loved delivery late
186,Neither too bad nor too good,neutral,neither too bad nor too good,neither too bad nor too good,neither too bad nor too good,neither too bad nor too good,"['neither', 'too', 'bad', 'nor', 'too', 'good']","['neither', 'bad', 'good']","['neither', 'bad', 'good']",neither bad good
187,Dissatisfied somewhat,negative,dissatisfied somewhat,dissatisfied somewhat,dissatisfied somewhat,dissatisfied somewhat,"['dissatisfied', 'somewhat']","['dissatisfied', 'somewhat']","['dissatisfied', 'somewhat']",dissatisfied somewhat
188,Hated the delivery but liked the box,negative,hated the delivery but liked the box,hated the delivery but liked the box,hated the delivery but liked the box,hated the delivery but liked the box,"['hated', 'the', 'delivery', 'but', 'liked', 'the', 'box']","['hated', 'delivery', 'liked', 'box']","['hated', 'delivery', 'liked', 'box']",hated delivery liked box
189,Not much to say,neutral,not much to say,not much to say,not much to say,not much to say,"['not', 'much', 'to', 'say']","['much', 'say']","['much', 'say']",much say
190,"Good one, not the best",positive,"good one, not the best",good one not the best,good one not the best,good one not the best,"['good', 'one', 'not', 'the', 'best']","['good', 'one', 'best']","['good', 'one', 'best']",good one best
191,Dissatisfied somewhat,negative,dissatisfied somewhat,dissatisfied somewhat,dissatisfied somewhat,dissatisfied somewhat,"['dissatisfied', 'somewhat']","['dissatisfied', 'somewhat']","['dissatisfied', 'somewhat']",dissatisfied somewhat
192,Poor quality but acceptable,negative,poor quality but acceptable,poor quality but acceptable,poor quality but acceptable,poor quality but acceptable,"['poor', 'quality', 'but', 'acceptable']","['poor', 'quality', 'acceptable']","['poor', 'quality', 'acceptable']",poor quality acceptable
193,Moderate experience,neutral,moderate experience,moderate experience,moderate experience,moderate experience,"['moderate', 'experience']","['moderate', 'experience']","['moderate', 'experience']",moderate experience
194,Hated the delivery but liked the box,negative,hated the delivery but liked the box,hated the delivery but liked the box,hated the delivery but liked the box,hated the delivery but liked the box,"['hated', 'the', 'delivery', 'but', 'liked', 'the', 'box']","['hated', 'delivery', 'liked', 'box']","['hated', 'delivery', 'liked', 'box']",hated delivery liked box
195,Pretty nice overall,positive,pretty nice overall,pretty nice overall,pretty nice overall,pretty nice overall,"['pretty', 'nice', 'overall']","['pretty', 'nice', 'overall']","['pretty', 'nice', 'overall']",pretty nice overall
196,Not much to say,neutral,not much to say,not much to say,not much to say,not much to say,"['not', 'much', 'to', 'say']","['much', 'say']","['much', 'say']",much say
197,Almost perfect,positive,almost perfect,almost perfect,almost perfect,almost perfect,"['almost', 'perfect']","['almost', 'perfect']","['almost', 'perfect']",almost perfect
198,"Poor response, okay handling",negative,"poor response, okay handling",poor response okay handling,poor response okay handling,poor response okay handling,"['poor', 'response', 'okay', 'handling']","['poor', 'response', 'okay', 'handling']","['poor', 'response', 'okay', 'handling']",poor response okay handling
199,Bad but manageable,negative,bad but manageable,bad but manageable,bad but manageable,bad but manageable,"['bad', 'but', 'manageable']","['bad', 'manageable']","['bad', 'manageable']",bad manageable
